username,password
priceemily,#(5BEdUMU
mramirez,pC$l(4Ar2
floresamy,1ro7Yfg6*
brandonturner,^Dyv1Myfn
andrew50,zJ2^juMc_
ccrawford,%r1*Km_Rp
jerry46,8*DmaMgY!
courtneymiller,$d7VUxW@C
stephanierosales,!s3I+7FwK
mallory82,+1RQpto3_
pettydaniel,I&!6YIyeH
carolharris,@CYKGzn55
holly80,3T)uQ8KyM
terri59,)P051Kj(z
michael64,!8Bjn^CpP
campbellkim,P!PV2UyQn
tracy56,u#rg2Fpfd
woodguy,mG&6*AkaM
xjohnson,)5Qhz38X+
rosalesroberto,2+KD65Ul4
wrightyolanda,#P38TXWn6
hernandezlance,(AE7piXy8
jessicawilson,I+3%DdFC%
dianastone,28xK#o8u*
steven06,$1aOb6l0M
jameswalsh,1!mnk0Gna
keithmoran,4qUFd#oD_
salinasjoseph,6yk8GqGr*
pagethomas,)o2Do)qsm
laradevin,#8CjqnxDt
qmendez,0FE!58Fda
ricejennifer,)1iDkbsA4
darmstrong,j73!LdSZ_
jameshodges,mC4dnAVp_
ibaker,wi9cIiS))
upruitt,2#4AzXnfN
lyonscarolyn,m43Aje%__
richard05,Ux%2GPqGy
plewis,b)8e4Uxn$
gonzalezchristina,Ih4%FNWz*
travis80,)f27DPZzq
jonesstephen,Zz1REcIo*
jasonjohnson,@O2EOU%kY
ytaylor,4F*gV_jF@
jessica13,+gp2Bma3y
kristen03,(8%P#8hoz
ephillips,(ZiA!6Lwm
allen26,E*97ZClYp
garciaclaire,8m%Pdno#^
virginiariley,#r(UW7Klb
zacharyhuffman,F4BOQyEz#
msanchez,Y%R3a1RsU
tpearson,^riDRind9
brentsmith,8zsO!Wgk*
melaniepierce,4Y0*mYQh^
haley58,$+2mRT0jU
qmoore,@9W5pRw_g
mark86,O9fZMxn4*
donaldferguson,jU2QeN@)&
thomasvincent,07NxYp2k+
alisonmcgrath,1BRPWiw&%
valenzuelajose,k8fz*4Yr+
david21,N!ot0CZap
calebstephenson,Z4YYYNqN(
leslie71,+mS1mi3M9
hpage,8!7$CVfrZ
thomasswanson,9ZEjQ7pi#
bgray,I+3zEnM_M
lindalopez,m8VjvQN8%
cassandraschmidt,(_kz0EkSq
nicholseileen,&T9OEv5jA
epeters,%aK5KVnwm
joshua51,)W8(XOw^&
dixonjacqueline,&6@8JLqtZ
mrubio,R(*3Ptab6
leefrank,%q0Z3WhyS
steven61,3%RW5OofO
andrea31,2(Zg3%Vzm
avilaphilip,y@#(0N&qw
parkerlinda,b9UUeCPw(
vdickson,*94COfDf^
laurarichardson,&kMRBZVs0
lori40,lBB0EAqz@
ramireznicholas,v^5WotCt&
stephanie35,*y7Vlt2O3
umendoza,#1W1nU3o1
cynthialutz,^T4Z&4hnu
deborah32,&@0R8Ks@I
david48,M#9H*vg_a
dfreeman,Ox*@9Idqh
anthonymartin,f6Lv_HzC@
anthony92,%N0LzcC_L
grahamclarence,!NW%Wufg0
urobinson,mC5fMw^s)
tyler35,s8W5oyWl)
connorsmith,eUXP9Yfd%
matthewholland,1EFNwUPV!
carneyjustin,4%i0NwCex
tatekayla,5)5mH&!o$
seanhall,U)+3_Di4V
